{"cameraMode":{"drawMode":0,"name":"Shaded","section":"Shading Mode"},"sceneLighting":true,"audioPlay":false,"sceneViewState":{"showFog":true,"showMaterialUpdate":true,"showSkybox":true,"showFlares":true,"showImageEffects":true,"showParticleSystems":true},"in2DMode":false,"pivot":{"x":170.3026885986328,"y":117.14794921875,"z":-16.340621948242189},"rotation":{"x":0.058014050126075748,"y":0.9307634234428406,"z":-0.16936998069286347,"w":0.31880900263786318},"size":3.1751325130462648,"orthographic":false}